{
  "IcoMoonType": "selection",
  "icons": [
    {
      "icon": {
        "paths": [
          "M1154.286 6.286c9.714 6.857 16 18.286 16 30.286v804.571c0 14.857-9.143 28.571-22.857 33.714l-365.714 146.286c-9.143 4-18.286 4-27.429 0l-352-140.571-352 140.571c-4.571 2.286-9.143 2.857-13.714 2.857-7.429 0-14.286-2.286-20.571-6.286-9.714-6.857-16-18.286-16-30.286v-804.571c0-14.857 9.143-28.571 22.857-33.714l365.714-146.286c9.143-4 18.286-4 27.429 0l352 140.571 352-140.571c11.429-4.571 24-3.429 34.286 3.429zM420.571 83.429v725.714l329.143 131.429v-725.714zM73.143 207.429v725.714l310.857-124v-725.714zM1097.143 816.571v-725.714l-310.857 124v725.714z"
        ],
        "width": 1170.2857142857142,
        "attrs": [],
        "isMulticolor": false,
        "isMulticolor2": false,
        "tags": [
          "map-o"
        ],
        "defaultCode": 62072,
        "grid": 14
      },
      "attrs": [],
      "properties": {
        "name": "map",
        "id": 0,
        "order": 11,
        "prevSize": 28
      },
      "setIdx": 0,
      "setId": 25,
      "iconIdx": 0
    },
    {
      "icon": {
        "paths": [
          "M512 310.857v256c0 10.286-8 18.286-18.286 18.286h-182.857c-10.286 0-18.286-8-18.286-18.286v-36.571c0-10.286 8-18.286 18.286-18.286h128v-201.143c0-10.286 8-18.286 18.286-18.286h36.571c10.286 0 18.286 8 18.286 18.286zM749.714 512c0-171.429-139.429-310.857-310.857-310.857s-310.857 139.429-310.857 310.857 139.429 310.857 310.857 310.857 310.857-139.429 310.857-310.857zM877.714 512c0 242.286-196.571 438.857-438.857 438.857s-438.857-196.571-438.857-438.857 196.571-438.857 438.857-438.857 438.857 196.571 438.857 438.857z"
        ],
        "width": 877.7142857142857,
        "attrs": [],
        "isMulticolor": false,
        "isMulticolor2": false,
        "tags": [
          "clock-o"
        ],
        "defaultCode": 61463,
        "grid": 14
      },
      "attrs": [],
      "properties": {
        "name": "clock",
        "id": 1,
        "order": 12,
        "prevSize": 28
      },
      "setIdx": 0,
      "setId": 25,
      "iconIdx": 1
    },
    {
      "icon": {
        "paths": [
          "M955.435 256c-7.125-12.373-16.981-23.168-27.819-29.44l-376.149-217.173c-21.675-12.501-57.131-12.501-78.805 0l-376.235 217.173c-21.675 12.501-39.381 43.221-39.381 68.267v434.347c0 12.544 4.437 26.453 11.563 38.827s16.981 23.168 27.819 29.397l376.149 217.216c21.675 12.501 57.131 12.501 78.805 0l376.149-217.216c10.837-6.229 20.693-17.024 27.819-29.397s11.563-26.283 11.563-38.827v-434.347c0.085-12.544-4.352-26.453-11.477-38.827zM512 815.317c-167.253 0-303.317-136.064-303.317-303.317s136.064-303.317 303.317-303.317c111.591 0.209 209.066 60.444 261.88 150.128l0.776 1.424-131.243 75.989c-26.783-45.626-75.563-75.799-131.398-75.904l-0.015-0c-83.627 0-151.637 68.053-151.637 151.68s68.011 151.68 151.637 151.68c55.835-0.124 104.602-30.271 131.025-75.149l0.388-0.713 131.285 75.947c-53.609 91.108-151.096 151.34-262.668 151.552l-0.031 0zM815.317 528.853h-33.707v33.707h-33.707v-33.707h-33.707v-33.707h33.707v-33.707h33.707v33.707h33.707zM941.696 528.853h-33.707v33.707h-33.707v-33.707h-33.664v-33.707h33.664v-33.707h33.707v33.707h33.707z"
        ],
        "attrs": [
          {
            "fill": "rgb(0, 89, 156)"
          }
        ],
        "isMulticolor": false,
        "isMulticolor2": false,
        "tags": [
          "cplusplus"
        ],
        "grid": 0
      },
      "attrs": [
        {
          "fill": "rgb(0, 89, 156)"
        }
      ],
      "properties": {
        "id": 165,
        "order": 5,
        "prevSize": 32,
        "name": "cpp"
      },
      "setIdx": 22,
      "setId": 2,
      "iconIdx": 164
    },
    {
      "icon": {
        "paths": [
          "M64 0h896l-81.493 920.021-367.488 103.979-365.397-104.021zM363.989 416l-9.899-115.968 429.184 0.128 9.813-111.872-562.176-0.128 29.781 341.76h389.376l-13.909 146.176-124.16 34.304-126.080-34.56-8.021-90.027h-111.317l14.080 177.963 231.339 61.867 229.504-61.568 31.744-348.032z"
        ],
        "attrs": [
          {
            "fill": "rgb(227, 79, 38)"
          }
        ],
        "isMulticolor": false,
        "isMulticolor2": false,
        "tags": [
          "html5"
        ],
        "grid": 0
      },
      "attrs": [
        {
          "fill": "rgb(227, 79, 38)"
        }
      ],
      "properties": {
        "id": 365,
        "order": 4,
        "prevSize": 32,
        "name": "html"
      },
      "setIdx": 22,
      "setId": 2,
      "iconIdx": 364
    },
    {
      "icon": {
        "paths": [
          "M972.8 314.923c48-115.2 51.2-211.2-6.4-268.8-64-63.957-217.6-44.8-380.757 32h-19.2c-115.2 0-227.157 41.643-310.357 115.2-70.4 64-121.6 147.2-144 240 16-19.2 105.6-124.8 208-182.4 3.2 0 28.8-16 28.8-16-3.2 0-51.2 48-60.8 57.6-224 230.4-355.157 579.157-252.757 681.515 67.157 67.2 188.757 51.2 329.557-25.6 60.8 28.8 128 41.6 201.557 41.6 96 0 185.6-25.6 262.4-76.8 79.957-51.2 137.557-131.157 172.8-223.957h-249.6c-32 60.8-105.6 102.4-182.4 102.4-108.8 0-198.4-89.6-201.557-192v-9.6h652.715v-9.6c0-16 3.2-35.2 3.2-47.957 0-76.8-19.2-150.4-51.2-217.6zM105.685 954.88c-51.2-51.2-35.157-150.357 25.6-268.757 28.8 80 76.8 150.4 137.6 201.6 19.2 16 41.6 32 64 44.8-102.4 54.357-185.6 64-227.2 22.357zM761.643 468.565h-390.357v-3.2c6.4-99.2 99.157-185.6 207.957-185.6 102.4 0 185.6 80 192 185.6v3.2zM956.8 289.365c-19.2-32-44.8-64-73.6-89.6-43.163-40.22-94.158-72.713-150.357-94.873l-3.243-1.127c102.4-47.957 188.8-54.357 233.6-9.557 35.2 41.6 32 111.957-6.4 195.157 0 3.2 0 3.2 0 0 0 3.2 0 3.2 0 0z"
        ],
        "attrs": [
          {
            "fill": "rgb(0, 118, 214)"
          }
        ],
        "isMulticolor": false,
        "isMulticolor2": false,
        "tags": [
          "internetexplorer"
        ],
        "grid": 0
      },
      "attrs": [
        {
          "fill": "rgb(0, 118, 214)"
        }
      ],
      "properties": {
        "id": 394,
        "order": 7,
        "prevSize": 32,
        "name": "ie"
      },
      "setIdx": 22,
      "setId": 2,